{
  "project_info": {
    "project_number": "117541438736",
    "firebase_url": "https://flash-chat-1a9fe.firebaseio.com",
    "project_id": "flash-chat-1a9fe",
    "storage_bucket": "flash-chat-1a9fe.appspot.com"
  },
  "client": [
    {
      "client_info": {
        "mobilesdk_app_id": "1:117541438736:android:0f0d1805cf1815c81d5195",
        "android_client_info": {
          "package_name": "com.indrasena.flashchatnewfirebase"
        }
      },
      "oauth_client": [
        {
          "client_id": "117541438736-2jii47mje9q82aargvo48piub2hnanjr.apps.googleusercontent.com",
          "client_type": 3
        }
      ],
      "api_key": [
        {
          "current_key": "AIzaSyCvUiccReiEk-r89enW0MbZEKUZdodWIMQ"
        }
      ],
      "services": {
        "appinvite_service": {
          "other_platform_oauth_client": [
            {
              "client_id": "117541438736-2jii47mje9q82aargvo48piub2hnanjr.apps.googleusercontent.com",
              "client_type": 3
            }
          ]
        }
      }
    }
  ],
  "configuration_version": "1"
}